{
    "questions": [
        {
            "question": "Who got FIFA Best Player 2019 Award?",
            "options": [
                {
                    "option1": "Neymar",
                    "option2": "Messi",
                    "option3": "Ronaldo",
                    "option4": "Luka Mordic"
                }
            ],
            "answer": "Messi"
        },
        {
            "question": "Who has won the Rajiv Gandhi Khel Ratna Award 2019",
            "options": [
                {
                    "option1": "Sakshi Malik",
                    "option2": "Mirabai Chanu",
                    "option3": "Bajrang Punia",
                    "option4": "None of the above"
                }
            ],
            "answer": "Bajrang Punia"
        },
        {
            "question": "Who is the winner of the US Open 2019 Men's title",
            "options": [
                {
                    "option1": "Roger Federer",
                    "option2": "Rafael Nadal",
                    "option3": "Daniil Medvedev",
                    "option4": "Novak Djokovic"
                }
            ],
            "answer": "Rafael Nadal"
        },
        {
            "question": "What is formula of laughing Gas",
            "options": [
                {
                    "option1": "N2O",
                    "option2": "NO2",
                    "option3": "N2O3",
                    "option4": "N2O2"
                }
            ],
            "answer": "N2O"
        },{
            "question": "Where were first Olympic Games held",
            "options": [
                {
                    "option1": "Atlanta",
                    "option2": "Maxico",
                    "option3": "Athens",
                    "option4": "Sydney"
                }
            ],
            "answer": "Athens"
        }
    ],
    "pageNumber": 1
}